Kode Butir,Domain,Kelompok Standar,Standar,Sub-standar,Pernyataan Butir,Indikator Ketercapaian,Dasar Hukum,Dokumen/Bukti Wajib,Metode Verifikasi,Sumber Data,Tahap Audit,Lapis Audit,Sasaran Auditee,Jenis Jawaban,Bobot,Butir Kritis,Status
AMI8.PDD.L.01,Pendidikan,Luaran,Standar Kompetensi Lulusan,,Capaian pembelajaran lulusan (CPL) program studi dirumuskan mencakup empat ranah kompetensi wajib.,CPL memuat: (a) penguasaan iptek dan kecakapan spesifik bidang keilmuan; (b) kecakapan umum; (c) pengetahuan dan keterampilan untuk dunia kerja/studi lanjut/sertifikat profesi; (d) kemampuan intelektual berpikir mandiri dan kritis. Keempatnya dapat ditunjukkan pada dokumen kurikulum.,Permen 39/2025 Pasal 6-7,Dokumen Kurikulum OBE; matriks CPL; SK penetapan kurikulum,Telaah Dokumen; Wawancara,Dokumen Prodi,Desk Evaluasi,Kepatuhan SN Dikti,Program Studi,Skala 0-4,5,Ya,Aktif
AMI8.PDD.L.02,Pendidikan,Luaran,Standar Kompetensi Lulusan,,"CPL disusun oleh unit pengelola program studi dengan melibatkan pemangku kepentingan dan/atau dunia usaha, dunia industri, dan dunia kerja.","Tersedia berita acara/daftar hadir/notulen lokakarya kurikulum yang menunjukkan keterlibatan pemangku kepentingan eksternal dan DUDI, beserta rekam usulan yang diakomodasi.",Permen 39/2025 Pasal 8 ayat (1),Berita acara lokakarya kurikulum; daftar hadir; notulen; dokumentasi,Telaah Dokumen; Wawancara,Dokumen Prodi,Desk Evaluasi,Kepatuhan SN Dikti,Program Studi,Skala 0-4,5,Tidak,Aktif
AMI8.PDD.L.03,Pendidikan,Luaran,Standar Kompetensi Lulusan,,Perumusan CPL memperhatikan tujuh acuan yang ditetapkan peraturan.,"Dapat ditunjukkan penelusuran CPL terhadap: visi-misi PT, KKNI, perkembangan iptek, kebutuhan kompetensi kerja, ranah keilmuan prodi, kompetensi utama lulusan, dan kurikulum prodi sejenis.",Permen 39/2025 Pasal 8 ayat (2),Matriks penelusuran CPL; dokumen analisis kebutuhan,Telaah Dokumen,Dokumen Prodi,Desk Evaluasi,Kepatuhan SN Dikti,Program Studi,Skala 0-4,5,Tidak,Aktif
AMI8.PDD.L.04,Pendidikan,Luaran,Standar Kompetensi Lulusan,,CPL diinformasikan kepada mahasiswa pada program studi tersebut.,"CPL dapat diakses mahasiswa melalui laman prodi, buku pedoman akademik, RPS, atau LMS; terdapat bukti sosialisasi.",Permen 39/2025 Pasal 8 ayat (3),Tangkapan layar laman/LMS; buku pedoman akademik; berita acara sosialisasi,Telaah Dokumen; Wawancara,Dokumen Prodi,Keduanya,Kepatuhan SN Dikti,Program Studi,Ya/Tidak,3,Tidak,Aktif
AMI8.PDD.L.05,Pendidikan,Luaran,Standar Kompetensi Lulusan,,"CPL diturunkan ke dalam mata kuliah, dan setiap mata kuliah memiliki capaian pembelajaran mata kuliah yang berkontribusi pada CPL.",Tersedia matriks CPL x mata kuliah yang lengkap; setiap CPL tercakup minimal satu mata kuliah; setiap mata kuliah memiliki CPMK yang terpetakan ke CPL.,Permen 39/2025 Pasal 8 ayat (4) dan (5),Matriks CPL-CPMK-MK; RPS seluruh mata kuliah,Telaah Dokumen,Dokumen Prodi,Desk Evaluasi,Kepatuhan SN Dikti,Program Studi,Skala 0-4,5,Tidak,Aktif
AMI8.PDD.L.06,Pendidikan,Luaran,Standar Kompetensi Lulusan,,"Kompetensi utama lulusan program studi mengacu pada rumusan asosiasi program studi sejenis, atau ditetapkan perguruan tinggi bila asosiasi belum terbentuk.","Terdapat rujukan tertulis pada rumusan asosiasi prodi sejenis; bila belum ada asosiasi, terdapat SK penetapan kompetensi utama oleh perguruan tinggi.",Permen 39/2025 Pasal 9 dan Pasal 10,Rumusan asosiasi prodi; SK penetapan kompetensi utama,Telaah Dokumen,Dokumen Prodi,Desk Evaluasi,Kepatuhan SN Dikti,Program Studi,Skala 0-4,5,Tidak,Aktif
AMI8.PDD.L.07,Pendidikan,Luaran,Standar Kompetensi Lulusan,,Kriteria kelulusan mahasiswa memenuhi ambang indeks prestasi kumulatif yang ditetapkan peraturan.,"IPK kelulusan >= 2,00 untuk program diploma dan sarjana/sarjana terapan; >= 3,00 untuk program profesi, magister, spesialis, doktor, dan subspesialis. Tidak terdapat lulusan di bawah ambang pada data PD Dikti.",Permen 39/2025 Pasal 30,Data kelulusan PD Dikti; SK yudisium; pedoman akademik,Verifikasi PD Dikti; Telaah Dokumen,PD Dikti,Desk Evaluasi,Kepatuhan SN Dikti,Program Studi,Ya/Tidak,5,Ya,Aktif
AMI8.PDD.L.08,Pendidikan,Luaran,Standar Kompetensi Lulusan,,Program studi memastikan ketercapaian kompetensi lulusan melalui tugas akhir atau melalui kurikulum berbasis proyek dengan asesmen yang menunjukkan ketercapaian kompetensi.,"Terdapat kebijakan tertulis mengenai bentuk tugas akhir (skripsi/prototipe/proyek/bentuk sejenis) atau mekanisme asesmen kurikulum berbasis proyek, beserta bukti penerapannya pada minimal satu angkatan.",Permen 39/2025 Pasal 18 ayat (9),Pedoman tugas akhir; SK bentuk tugas akhir; contoh dokumen asesmen,Telaah Dokumen; Wawancara,Dokumen Prodi,Keduanya,Kepatuhan SN Dikti,Program Studi,Skala 0-4,5,Tidak,Aktif
AMI8.PDD.L.09,Pendidikan,Luaran,Standar Kompetensi Lulusan,,Tingkat serapan lulusan di dunia kerja terukur melalui studi pelacakan lulusan.,Tracer study dilaksanakan minimal setahun sekali dengan tingkat respons terdokumentasi; tersedia data masa tunggu dan kesesuaian bidang kerja; hasilnya dibahas dalam evaluasi kurikulum.,Permen 39/2025 Pasal 25 ayat (2) huruf e,Laporan tracer study; instrumen; rekap responden; notulen pembahasan,Telaah Dokumen; Wawancara,Survei/Tracer,Keduanya,Kepatuhan SN Dikti,Program Studi,Skala 0-4,5,Tidak,Aktif
AMI8.PDD.L.10,Pendidikan,Luaran,Standar Kompetensi Lulusan,,Lulusan dan mahasiswa memperoleh rekognisi atau prestasi pada tingkat nasional dan/atau internasional.,"Terdapat bukti prestasi/rekognisi mahasiswa dan lulusan tiga tahun terakhir pada tingkat nasional dan internasional, terekam pada sistem kemahasiswaan.",Kriteria melampaui SN Dikti (Pasal 73/74 ayat 6); Standar Mutu UNISAN,Sertifikat/piagam; SK; rekap prestasi,Telaah Dokumen,Dokumen UPPS,Desk Evaluasi,Pelampauan (Unggul),Program Studi,Numerik,3,Tidak,Aktif
AMI8.PDD.P.01,Pendidikan,Proses,Standar Proses Pembelajaran,,"Perencanaan proses pembelajaran memuat rumusan capaian pembelajaran, strategi dan metode pencapaian, serta cara menilai ketercapaiannya.",Seluruh RPS memuat ketiga unsur tersebut; RPS tersedia untuk 100% mata kuliah yang ditawarkan pada semester berjalan.,Permen 39/2025 Pasal 12 ayat (1),RPS seluruh mata kuliah; rekap kelengkapan RPS,Telaah Dokumen,Dokumen Prodi,Desk Evaluasi,Kepatuhan SN Dikti,Program Studi,Persentase,3,Tidak,Aktif
AMI8.PDD.P.02,Pendidikan,Proses,Standar Proses Pembelajaran,,Perencanaan pembelajaran disusun oleh dosen dan/atau tim dosen pengampu dalam koordinasi unit pengelola program studi.,Terdapat bukti koordinasi penyusunan RPS (rapat/berita acara/validasi Kaprodi) dan RPS disahkan oleh pejabat berwenang.,Permen 39/2025 Pasal 12 ayat (2),Berita acara rapat dosen pengampu; RPS bertanda tangan pengesahan,Telaah Dokumen; Wawancara,Dokumen Prodi,Keduanya,Kepatuhan SN Dikti,Program Studi,Skala 0-4,3,Tidak,Aktif
AMI8.PDD.P.03,Pendidikan,Proses,Standar Proses Pembelajaran,,Pelaksanaan pembelajaran mengacu pada perencanaan dan memanfaatkan sumber pembelajaran yang tepat.,Realisasi pertemuan sesuai RPS minimal 90%; jurnal/berita acara perkuliahan terisi; sumber belajar yang tercantum di RPS tersedia dan dapat diakses mahasiswa.,Permen 39/2025 Pasal 13,Jurnal perkuliahan; presensi; data LMS; RPS,Telaah Dokumen; Observasi Lapangan; Wawancara,SIMAK/SIA,Keduanya,Kepatuhan SN Dikti,Program Studi,Persentase,3,Tidak,Aktif
AMI8.PDD.P.04,Pendidikan,Proses,Standar Proses Pembelajaran,,"Proses pembelajaran diselenggarakan dengan menciptakan suasana belajar yang menyenangkan, inklusif, kolaboratif, kreatif, dan efektif.",Hasil survei kepuasan mahasiswa terhadap proses pembelajaran tersedia dan dianalisis; terdapat bukti penggunaan metode pembelajaran kolaboratif/aktif.,Permen 39/2025 Pasal 14 ayat (1) huruf a,Laporan survei kepuasan mahasiswa; RPS; dokumentasi pembelajaran,Telaah Dokumen; Wawancara; Observasi Lapangan,Survei/Tracer,Keduanya,Kepatuhan SN Dikti,Program Studi,Skala 0-4,3,Tidak,Aktif
AMI8.PDD.P.05,Pendidikan,Proses,Standar Proses Pembelajaran,,"Program studi memberikan kesempatan belajar yang sama tanpa membedakan latar belakang pendidikan, sosial, ekonomi, budaya, bahasa, jalur penerimaan, dan kebutuhan khusus mahasiswa.",Terdapat kebijakan tertulis nondiskriminasi; tidak terdapat perlakuan berbeda pada layanan akademik berdasarkan jalur masuk; akomodasi bagi mahasiswa berkebutuhan khusus tersedia.,Permen 39/2025 Pasal 14 ayat (1) huruf b,Kebijakan/pedoman akademik; bukti akomodasi; wawancara mahasiswa,Telaah Dokumen; Wawancara,Dokumen Universitas,Audit Lapangan,Kepatuhan SN Dikti,Program Studi; UPPS/Fakultas,Skala 0-4,3,Tidak,Aktif
AMI8.PDD.P.06,Pendidikan,Proses,Standar Proses Pembelajaran,,"Perguruan tinggi menjamin keamanan, kenyamanan, dan kesejahteraan sivitas akademika, termasuk pencegahan dan penanganan kekerasan.",Satuan tugas pencegahan dan penanganan kekerasan terbentuk melalui SK dan berfungsi; tersedia kanal pelaporan; terdapat rekam penanganan kasus (atau pernyataan nihil) dan kegiatan pencegahan.,Permen 39/2025 Pasal 14 ayat (1) huruf c dan ayat (2),SK Satgas PPKPT; SOP penanganan; laporan kegiatan; log kanal aduan,Telaah Dokumen; Wawancara; Observasi Lapangan,Dokumen Universitas,Keduanya,Kepatuhan SN Dikti,Universitas; UPPS/Fakultas,Skala 0-4,5,Ya,Aktif
AMI8.PDD.P.07,Pendidikan,Proses,Standar Proses Pembelajaran,,"Perguruan tinggi memberikan fleksibilitas proses pendidikan berupa moda pembelajaran, keleluasaan tahapan kurikulum, dan rekognisi pembelajaran lampau.","Terdapat kebijakan tertulis mengenai moda tatap muka/jarak jauh/kombinasi, keleluasaan tahapan kurikulum, dan mekanisme RPL, beserta bukti implementasinya.",Permen 39/2025 Pasal 14 ayat (3),Peraturan Rektor tentang pembelajaran dan RPL; data pelaksanaan RPL,Telaah Dokumen; Wawancara,Dokumen Universitas,Desk Evaluasi,Kepatuhan SN Dikti,Universitas; Program Studi,Skala 0-4,3,Tidak,Aktif
AMI8.PDD.P.08,Pendidikan,Proses,Standar Proses Pembelajaran,,Beban belajar dinyatakan dalam satuan kredit semester dengan takaran 1 sks setara 45 jam per semester.,Perhitungan beban belajar pada kurikulum dan RPS konsisten dengan ketentuan 1 sks = 45 jam per semester untuk seluruh bentuk pembelajaran.,Permen 39/2025 Pasal 15 ayat (4) dan ayat (6),Dokumen kurikulum; RPS; tabel perhitungan sks,Telaah Dokumen,Dokumen Prodi,Desk Evaluasi,Kepatuhan SN Dikti,Program Studi,Ya/Tidak,3,Tidak,Aktif
AMI8.PDD.P.09,Pendidikan,Proses,Standar Proses Pembelajaran,,"Beban belajar dan Masa Tempuh Kurikulum program sarjana/sarjana terapan paling sedikit 144 sks yang dirancang selama 8 semester, dengan distribusi sks sesuai ketentuan.",Total sks kurikulum >= 144; semester 1 dan 2 paling banyak 20 sks; semester 3 dan seterusnya paling banyak 24 sks; semester antara paling banyak 9 sks.,"Permen 39/2025 Pasal 18 ayat (1), (2), (3)",Struktur kurikulum per semester; SK kurikulum,Telaah Dokumen; Verifikasi PD Dikti,Dokumen Prodi,Desk Evaluasi,Kepatuhan SN Dikti,Program Studi,Ya/Tidak,3,Ya,Aktif
AMI8.PDD.P.10,Pendidikan,Proses,Standar Proses Pembelajaran,,"Pemenuhan beban belajar dilakukan melalui beragam bentuk pembelajaran dan kegiatan belajar terbimbing, penugasan terstruktur, dan mandiri.","Kurikulum memuat lebih dari satu bentuk pembelajaran (kuliah, praktikum, magang, penelitian, PkM, dan lainnya); RPS mencantumkan ketiga jenis kegiatan belajar.",Permen 39/2025 Pasal 16 ayat (1) dan (2),Dokumen kurikulum; RPS,Telaah Dokumen,Dokumen Prodi,Desk Evaluasi,Kepatuhan SN Dikti,Program Studi,Skala 0-4,3,Tidak,Aktif
AMI8.PDD.P.11,Pendidikan,Proses,Standar Proses Pembelajaran,,Perguruan tinggi memfasilitasi pemenuhan sebagian beban belajar di luar program studi dan kegiatan magang.,"Terdapat kebijakan, perjanjian kerja sama, dan mekanisme konversi/rekognisi sks; tersedia data mahasiswa yang memanfaatkan dan terekam pada PD Dikti.","Permen 39/2025 Pasal 18 ayat (4), (6), (7)",Kebijakan MBKM; dokumen kerja sama; SK konversi; data PD Dikti,Telaah Dokumen; Verifikasi PD Dikti; Wawancara,PD Dikti,Keduanya,Kepatuhan SN Dikti,Program Studi; UPPS/Fakultas,Skala 0-4,3,Tidak,Aktif
AMI8.PDD.P.12,Pendidikan,Proses,Standar Proses Pembelajaran,,"Mahasiswa program diploma satu sampai diploma tiga dan sarjana terapan melaksanakan magang wajib pada dunia usaha, dunia industri, atau dunia kerja yang relevan.",Magang tercantum dalam struktur kurikulum sebagai kegiatan wajib; durasi dan beban belajar ditetapkan melalui keputusan perguruan tinggi; terdapat mitra dengan perjanjian kerja sama yang masih berlaku.,Permen 39/2025 Pasal 17 ayat (4)-(5) dan Pasal 18 ayat (5)-(6),Struktur kurikulum; SK durasi dan beban magang; PKS mitra; laporan magang,Telaah Dokumen; Wawancara,Dokumen Prodi,Keduanya,Kepatuhan SN Dikti,Program Studi,Ya/Tidak,3,Tidak,Aktif
AMI8.PDD.P.13,Pendidikan,Proses,Standar Proses Pembelajaran,,"Perguruan tinggi menetapkan rentang Masa Studi mahasiswa penuh waktu dan paruh waktu, tidak melebihi dua kali Masa Tempuh Kurikulum bagi mahasiswa penuh waktu.",Terdapat Peraturan/SK Rektor yang menetapkan rentang Masa Studi; tidak terdapat mahasiswa aktif dengan masa studi melebihi dua kali Masa Tempuh Kurikulum pada data PD Dikti.,Permen 39/2025 Pasal 23 ayat (1) dan (2),Peraturan Rektor tentang masa studi; data masa studi PD Dikti,Telaah Dokumen; Verifikasi PD Dikti,PD Dikti,Desk Evaluasi,Kepatuhan SN Dikti,Universitas; Program Studi,Ya/Tidak,5,Ya,Aktif
AMI8.PDD.P.14,Pendidikan,Proses,Standar Proses Pembelajaran,,Perguruan tinggi melakukan evaluasi terhadap proses pembelajaran paling sedikit terhadap dua dari lima aspek yang ditetapkan.,Evaluasi mencakup minimal dua dari: aktivitas pembelajaran per angkatan; jumlah mahasiswa aktif per angkatan; Masa Tempuh Kurikulum; masa penyelesaian studi; tingkat serapan lulusan. Terdapat laporan evaluasi periodik.,Permen 39/2025 Pasal 25 ayat (1) dan (2),Laporan evaluasi proses pembelajaran; data pendukung per angkatan,Telaah Dokumen; Verifikasi PD Dikti; Wawancara,SIMAK/SIA,Keduanya,Kepatuhan SN Dikti,Program Studi; UPPS/Fakultas,Skala 0-4,5,Ya,Aktif
AMI8.PDD.P.15,Pendidikan,Proses,Standar Proses Pembelajaran,,Hasil evaluasi proses pembelajaran digunakan untuk memperbaiki dan meningkatkan proses pembelajaran secara berkelanjutan.,Terdapat rencana tindak lanjut atas hasil evaluasi beserta bukti pelaksanaannya pada semester berikutnya; tindak lanjut dibahas dalam rapat program studi.,Permen 39/2025 Pasal 25 ayat (3),Notulen rapat tindak lanjut; RTL; bukti implementasi perbaikan,Telaah Dokumen; Wawancara,Dokumen Prodi,Audit Lapangan,Kepatuhan SN Dikti,Program Studi,Skala 0-4,5,Ya,Aktif
AMI8.PDD.P.16,Pendidikan,Proses,Standar Proses Pembelajaran,,Mahasiswa program magister/magister terapan dan doktor/doktor terapan diberikan tugas akhir sesuai bentuk yang ditetapkan.,"Magister: tesis, prototipe, proyek, atau bentuk sejenis. Doktor: disertasi, prototipe, proyek, atau bentuk sejenis. Ditetapkan dalam pedoman tertulis.",Permen 39/2025 Pasal 19 ayat (2) dan Pasal 20 ayat (2),Pedoman tugas akhir pascasarjana,Telaah Dokumen,Dokumen Prodi,Desk Evaluasi,Kepatuhan SN Dikti,Program Studi,Ya/Tidak,3,Tidak,Aktif
AMI8.PDD.P.17,Pendidikan,Proses,Standar Proses Pembelajaran,,Proporsi mata kuliah yang menerapkan pembelajaran berbasis proyek atau studi kasus melampaui ambang yang ditetapkan perguruan tinggi.,"Persentase mata kuliah dengan metode project-based/case-based learning terhadap total mata kuliah, dibuktikan melalui RPS.",Kriteria melampaui SN Dikti; Standar Mutu UNISAN,Rekap metode pembelajaran per RPS,Telaah Dokumen,Dokumen Prodi,Desk Evaluasi,Pelampauan (Unggul),Program Studi,Persentase,3,Tidak,Aktif
AMI8.PDD.P.18,Pendidikan,Proses,Standar Penilaian,,"Penilaian hasil belajar mahasiswa dilakukan secara valid, reliabel, transparan, akuntabel, berkeadilan, objektif, dan edukatif.",Terdapat kebijakan penilaian yang memuat ketujuh prinsip; instrumen penilaian tersedia beserta kunci/rubrik; hasil dapat ditelusuri.,Permen 39/2025 Pasal 26 ayat (2),Pedoman penilaian; rubrik penilaian; contoh instrumen dan hasil,Telaah Dokumen; Wawancara,Dokumen Prodi,Keduanya,Kepatuhan SN Dikti,Program Studi,Skala 0-4,3,Tidak,Aktif
AMI8.PDD.P.19,Pendidikan,Proses,Standar Penilaian,,"Penilaian formatif dilaksanakan untuk memantau perkembangan belajar, memberikan umpan balik, dan memperbaiki proses pembelajaran.","Terdapat bukti penilaian formatif dan pemberian umpan balik kepada mahasiswa (komentar tugas, hasil kuis, catatan LMS) pada mata kuliah sampel.",Permen 39/2025 Pasal 27 ayat (1) dan (2),Bukti umpan balik; rekam LMS; lembar tugas terkoreksi,Telaah Dokumen; Wawancara,SIMAK/SIA,Audit Lapangan,Kepatuhan SN Dikti,Program Studi,Skala 0-4,3,Tidak,Aktif
AMI8.PDD.P.20,Pendidikan,Proses,Standar Penilaian,,Penilaian sumatif digunakan sebagai dasar penentuan kelulusan mata kuliah dan kelulusan program studi dengan mengacu pada pemenuhan CPL.,"Terdapat pemetaan komponen penilaian sumatif terhadap CPMK/CPL; keputusan kelulusan didasarkan pada pemenuhan CPL, bukan semata rerata nilai.",Permen 39/2025 Pasal 27 ayat (3) dan (4),Rubrik sumatif; matriks penilaian CPL; SK yudisium,Telaah Dokumen,Dokumen Prodi,Desk Evaluasi,Kepatuhan SN Dikti,Program Studi,Skala 0-4,3,Tidak,Aktif
AMI8.PDD.P.21,Pendidikan,Proses,Standar Penilaian,,Mekanisme penilaian ditetapkan perguruan tinggi dan disosialisasikan kepada mahasiswa.,"Terdapat Peraturan/SK tentang mekanisme penilaian; bukti sosialisasi kepada mahasiswa (RPS, pedoman akademik, kontrak kuliah, laman).",Permen 39/2025 Pasal 27 ayat (5) dan (6),Peraturan penilaian; kontrak kuliah; bukti sosialisasi,Telaah Dokumen; Wawancara,Dokumen Universitas,Keduanya,Kepatuhan SN Dikti,Universitas; Program Studi,Ya/Tidak,3,Tidak,Aktif
AMI8.PDD.P.22,Pendidikan,Proses,Standar Penilaian,,"Penilaian dinyatakan dalam kisaran huruf A sampai E dengan kesetaraan angka 4 sampai 0, atau keterangan lulus/tidak lulus untuk mata kuliah tertentu.",Skala nilai pada sistem akademik sesuai ketentuan; penggunaan keterangan lulus/tidak lulus hanya pada mata kuliah berbentuk kegiatan di luar kelas dan/atau uji kompetensi.,Permen 39/2025 Pasal 28 ayat (1)-(4),Konfigurasi skala nilai SIMAK; pedoman akademik,Telaah Dokumen; Observasi Lapangan,SIMAK/SIA,Desk Evaluasi,Kepatuhan SN Dikti,Universitas,Ya/Tidak,3,Tidak,Aktif
AMI8.PDD.P.23,Pendidikan,Proses,Standar Penilaian,,Hasil penilaian sumatif dilaporkan perguruan tinggi ke Pangkalan Data Pendidikan Tinggi secara lengkap dan tepat waktu.,Nilai seluruh mata kuliah pada semester pelaporan terkirim ke PD Dikti sebelum batas waktu pelaporan; tidak terdapat data nilai kosong atau tidak sinkron.,Permen 39/2025 Pasal 28 ayat (7),Bukti sinkronisasi feeder; laporan status pelaporan PD Dikti,Verifikasi PD Dikti; Telaah Dokumen,PD Dikti,Desk Evaluasi,Kepatuhan SN Dikti,Universitas; Program Studi,Persentase,5,Ya,Aktif
AMI8.PDD.P.24,Pendidikan,Proses,Standar Penilaian,,Penilaian tugas akhir dilakukan oleh penguji yang ditetapkan perguruan tinggi; untuk program doktor melibatkan penguji dari luar perguruan tinggi yang independen dan bebas konflik kepentingan.,Terdapat SK penguji; untuk program doktor terdapat penguji eksternal yang tidak terlibat dalam pelaksanaan penelitian tugas akhir dan bebas konflik kepentingan dengan mahasiswa maupun tim promotor.,Permen 39/2025 Pasal 29,SK tim penguji; surat pernyataan bebas konflik kepentingan; berita acara ujian,Telaah Dokumen; Wawancara,Dokumen Prodi,Desk Evaluasi,Kepatuhan SN Dikti,Program Studi,Ya/Tidak,3,Tidak,Aktif
AMI8.PDD.P.25,Pendidikan,Proses,Standar Pengelolaan,,Perencanaan kegiatan pendidikan dituangkan dalam rencana strategis jangka panjang serta rencana jangka menengah dan jangka pendek.,"Tersedia renstra yang masih berlaku dan disahkan, rencana jangka menengah, serta rencana operasional tahunan; terdapat keselarasan sasaran antar dokumen.",Permen 39/2025 Pasal 32,Renstra; rencana operasional tahunan; SK pengesahan,Telaah Dokumen,Dokumen Universitas,Desk Evaluasi,Kepatuhan SN Dikti,Universitas; UPPS/Fakultas,Skala 0-4,3,Tidak,Aktif
AMI8.PDD.P.26,Pendidikan,Proses,Standar Pengelolaan,,Pelaksanaan kegiatan pendidikan dilakukan dengan menjunjung tinggi integritas dan etika akademik serta dalam kerangka kebebasan akademik dan otonomi keilmuan.,Terdapat kode etik akademik yang ditetapkan dan disosialisasikan; terdapat mekanisme penegakan beserta rekam penanganan pelanggaran (atau pernyataan nihil).,Permen 39/2025 Pasal 33 ayat (1),Kode etik akademik; SK komisi etik; rekam penanganan,Telaah Dokumen; Wawancara,Dokumen Universitas,Keduanya,Kepatuhan SN Dikti,Universitas,Skala 0-4,3,Tidak,Aktif
AMI8.PDD.P.27,Pendidikan,Proses,Standar Pengelolaan,,Terdapat pemantauan dan evaluasi pelaksanaan kegiatan pendidikan serta efektivitas kebijakan akademik.,Monev akademik dilaksanakan minimal satu kali per semester; laporan monev tersedia; terdapat rekomendasi dan tindak lanjutnya.,Permen 39/2025 Pasal 34 ayat (2) huruf a,Laporan monev akademik; instrumen; RTL,Telaah Dokumen; Wawancara,Dokumen UPPS,Keduanya,Kepatuhan SN Dikti,UPPS/Fakultas; Program Studi,Skala 0-4,3,Tidak,Aktif
AMI8.PDD.P.28,Pendidikan,Proses,Standar Pengelolaan,,Terdapat pemantauan potensi risiko dalam penyelenggaraan kegiatan pendidikan.,"Tersedia daftar/register risiko yang mutakhir memuat identifikasi, analisis, dan rencana mitigasi risiko akademik; ditinjau minimal setahun sekali.",Permen 39/2025 Pasal 34 ayat (2) huruf b,Register risiko; laporan pemantauan risiko; SK unit pengelola risiko,Telaah Dokumen; Wawancara,Dokumen Universitas,Keduanya,Kepatuhan SN Dikti,Universitas; UPPS/Fakultas,Skala 0-4,3,Tidak,Aktif
AMI8.PDD.P.29,Pendidikan,Proses,Standar Pengelolaan,,Terdapat penjaminan kepatuhan pada pengaturan otoritas akademik dan etika akademik.,"Kewenangan akademik (senat, dekan, kaprodi) terdefinisi dalam statuta/OTK; terdapat bukti pelaksanaan kewenangan sesuai ketentuan.",Permen 39/2025 Pasal 34 ayat (2) huruf c,Statuta; OTK; SK kewenangan; notulen senat,Telaah Dokumen,Dokumen Universitas,Desk Evaluasi,Kepatuhan SN Dikti,Universitas,Skala 0-4,3,Tidak,Aktif
AMI8.PDD.P.30,Pendidikan,Proses,Standar Pengelolaan,,"Tersedia mekanisme penerimaan, pendokumentasian, pemrosesan, dan penyelesaian keluhan, laporan, atau pengaduan atas dugaan pelanggaran etika akademik dan peraturan.",Kanal pengaduan tersedia dan diketahui sivitas; terdapat SOP penanganan dengan tenggat; log pengaduan dan penyelesaiannya terdokumentasi; kerahasiaan pelapor terjamin.,Permen 39/2025 Pasal 34 ayat (2) huruf d,SOP pengaduan; log pengaduan; bukti kanal; laporan penyelesaian,Telaah Dokumen; Wawancara; Observasi Lapangan,Dokumen Universitas,Keduanya,Kepatuhan SN Dikti,Universitas,Skala 0-4,5,Tidak,Aktif
AMI8.PDD.P.31,Pendidikan,Proses,Standar Pengelolaan,,Terdapat pelaporan dan akuntabilitas atas pemanfaatan bantuan pendanaan dan/atau sumber daya dari mitra.,Seluruh bantuan/hibah dan sumber daya mitra terdaftar; laporan pertanggungjawaban tersedia sesuai perjanjian; tidak terdapat kewajiban pelaporan yang terlambat.,Permen 39/2025 Pasal 34 ayat (2) huruf e,Daftar hibah/mitra; LPJ; perjanjian kerja sama,Telaah Dokumen,Dokumen Universitas,Desk Evaluasi,Kepatuhan SN Dikti,Universitas; Unit/Biro,Skala 0-4,3,Tidak,Aktif
AMI8.PDD.P.32,Pendidikan,Proses,Standar Pengelolaan,,"Penerimaan mahasiswa baru dilakukan berdasarkan potensi dan prestasi, serta bersifat afirmatif, inklusif, dan adil.","Terdapat kebijakan PMB yang memuat keberpihakan pada calon mahasiswa kurang mampu secara ekonomi, akomodasi kebutuhan khusus, dan larangan pembedaan suku, agama, ras, antargolongan; terdapat bukti implementasi kuota/beasiswa afirmatif.",Permen 39/2025 Pasal 36 ayat (1) dan (2),Pedoman PMB; SK kuota afirmatif; data penerima,Telaah Dokumen; Wawancara,Dokumen Universitas,Keduanya,Kepatuhan SN Dikti,Universitas,Skala 0-4,3,Tidak,Aktif
AMI8.PDD.P.33,Pendidikan,Proses,Standar Pengelolaan,,Penerimaan mahasiswa baru diumumkan secara terbuka di laman resmi dan dilakukan melalui mekanisme seleksi yang transparan dan akuntabel.,"Informasi PMB (jalur, syarat, jadwal, biaya, kuota) dapat diakses publik di laman resmi; kriteria dan hasil seleksi terdokumentasi dan dapat ditelusuri.",Permen 39/2025 Pasal 36 ayat (3),Tangkapan layar laman PMB; dokumen kriteria seleksi; berita acara kelulusan seleksi,Observasi Lapangan; Telaah Dokumen,Dokumen Universitas,Desk Evaluasi,Kepatuhan SN Dikti,Universitas,Ya/Tidak,3,Tidak,Aktif
AMI8.PDD.P.34,Pendidikan,Proses,Standar Pengelolaan,,"Penyiapan mahasiswa baru mencakup empat materi wajib dan seluruh kegiatannya bebas dari kekerasan seksual, perundungan, dan intoleransi.","Materi mencakup penjelasan umum PT; cara belajar yang menjunjung integritas akademik; cara mewujudkan kampus bebas kekerasan seksual, perundungan, dan intoleransi; cara beradaptasi pada kehidupan kampus yang aman, sehat, dan ramah lingkungan. Terdapat mekanisme pengawasan kegiatan.",Permen 39/2025 Pasal 37,Panduan PKKMB; jadwal dan materi; SK panitia; laporan pengawasan,Telaah Dokumen; Wawancara,Dokumen Universitas,Keduanya,Kepatuhan SN Dikti,Universitas,Skala 0-4,5,Ya,Aktif
AMI8.PDD.P.35,Pendidikan,Proses,Standar Pengelolaan,,"Layanan mahasiswa minimal mencakup administrasi akademik, bimbingan konseling, kesehatan, dan keperluan dasar bagi mahasiswa berkebutuhan khusus.","Keempat layanan tersedia, memiliki penanggung jawab, dan dapat dibuktikan pemanfaatannya melalui data layanan; layanan bimbingan konseling dan kesehatan dijalankan oleh personel yang kompeten.",Permen 39/2025 Pasal 38,SK unit layanan; SOP; data pemanfaatan layanan; sarana layanan,Telaah Dokumen; Observasi Lapangan; Wawancara,Dokumen Universitas,Audit Lapangan,Kepatuhan SN Dikti,Universitas; Unit/Biro,Skala 0-4,5,Tidak,Aktif
AMI8.PDD.P.36,Pendidikan,Proses,Standar Pengelolaan,,"Pengelolaan data dan informasi memastikan keamanan, kebenaran, akurasi, kelengkapan, dan kemutakhiran data akademik.","Terdapat SOP pengelolaan data akademik; hasil rekonsiliasi data SIMAK terhadap PD Dikti menunjukkan selisih nol pada data mahasiswa, dosen, dan nilai; terdapat mekanisme backup dan kendali akses.",Permen 39/2025 Pasal 39 ayat (1) huruf a,SOP pengelolaan data; berita acara rekonsiliasi data; log backup,Verifikasi PD Dikti; Telaah Dokumen; Observasi Lapangan,PD Dikti,Keduanya,Kepatuhan SN Dikti,Universitas; Program Studi,Skala 0-4,5,Ya,Aktif
AMI8.PDD.P.37,Pendidikan,Proses,Standar Pengelolaan,,Perguruan tinggi melaporkan data profil dan kinerja pada PD Dikti sesuai ketentuan peraturan perundang-undangan.,Pelaporan periode berjalan berstatus lengkap dan tepat waktu; tidak terdapat periode pelaporan yang terlewat dalam dua tahun terakhir.,Permen 39/2025 Pasal 39 ayat (1) huruf c dan Pasal 111 ayat (4),Bukti status pelaporan PD Dikti; berita acara sinkronisasi,Verifikasi PD Dikti,PD Dikti,Desk Evaluasi,Kepatuhan SN Dikti,Universitas,Ya/Tidak,5,Ya,Aktif
AMI8.PDD.P.38,Pendidikan,Proses,Standar Pengelolaan,,Data dan informasi perguruan tinggi yang dapat diakses publik disajikan minimal melalui laman resmi perguruan tinggi.,"Laman resmi memuat profil, program studi beserta status akreditasinya, informasi akademik, dan informasi biaya; informasi mutakhir pada tahun berjalan.",Permen 39/2025 Pasal 39 ayat (1) huruf d dan ayat (2); Pasal 112 ayat (1),Tangkapan layar laman resmi; daftar konten wajib,Observasi Lapangan; Telaah Dokumen,Dokumen Universitas,Desk Evaluasi,Kepatuhan SN Dikti,Universitas,Skala 0-4,3,Tidak,Aktif
AMI8.PDD.M.01,Pendidikan,Masukan,Standar Isi,,Materi pembelajaran memiliki tingkat kedalaman dan keluasan sesuai jenis dan program pendidikan serta standar kompetensi lulusan.,"Terdapat pemetaan kedalaman dan keluasan materi terhadap CPL; materi memperhatikan iptek dasar keilmuan, iptek mutakhir, konsep baru dari penelitian terkini, dan dunia kerja yang relevan.",Permen 39/2025 Pasal 40-42,Dokumen kurikulum; RPS; daftar referensi mutakhir,Telaah Dokumen,Dokumen Prodi,Desk Evaluasi,Kepatuhan SN Dikti,Program Studi,Skala 0-4,2,Tidak,Aktif
AMI8.PDD.M.02,Pendidikan,Masukan,Standar Isi,,Kurikulum program studi memuat seluruh komponen minimal yang ditetapkan peraturan.,Kurikulum memuat: CPL; Masa Tempuh Kurikulum; metode pembelajaran; modalitas pembelajaran; syarat kompetensi dan/atau kualifikasi calon mahasiswa; penilaian hasil belajar; materi pembelajaran; dan tata cara penerimaan mahasiswa pada berbagai tahapan kurikulum.,Permen 39/2025 Pasal 44 ayat (1),Dokumen Kurikulum OBE; SK penetapan kurikulum,Telaah Dokumen,Dokumen Prodi,Desk Evaluasi,Kepatuhan SN Dikti,Program Studi,Skala 0-4,5,Ya,Aktif
AMI8.PDD.M.03,Pendidikan,Masukan,Standar Isi,,Program studi yang mengakomodasi rekognisi pembelajaran lampau mencantumkan tata cara penerimaan mahasiswa pada berbagai tahapan kurikulum.,"Bagi prodi penyelenggara RPL, dokumen kurikulum memuat tata cara penerimaan pada tahapan kurikulum beserta mekanisme asesmen dan konversi.",Permen 39/2025 Pasal 44 ayat (2),Dokumen kurikulum bagian RPL; pedoman RPL; SK konversi,Telaah Dokumen; Wawancara,Dokumen Prodi,Desk Evaluasi,Kepatuhan SN Dikti,Program Studi,Ya/Tidak,2,Tidak,Aktif
AMI8.PDD.M.04,Pendidikan,Masukan,Standar Isi,,Materi pembelajaran dalam kurikulum dapat diisi dengan program kompetensi mikro dan pemanfaatannya dikelola secara tertib.,"Bila digunakan, terdapat kebijakan pengakuan kredensial mikro atau MOOC beserta mekanisme penyetaraan dan bukti penerapan.",Permen 39/2025 Pasal 43 ayat (2) dan (3),Kebijakan kredensial mikro; daftar MOOC yang diakui; SK penyetaraan,Telaah Dokumen,Dokumen Universitas,Desk Evaluasi,Pelampauan (Unggul),Program Studi; Universitas,Ya/Tidak,2,Tidak,Aktif
AMI8.PDD.M.05,Pendidikan,Masukan,Standar Dosen dan Tenaga Kependidikan,,"Dosen memiliki kompetensi pedagogik, kepribadian, sosial, dan profesional untuk melaksanakan tugas sebagai teladan, pendidik dan perancang pembelajaran, fasilitator, serta motivator mahasiswa.","Terdapat bukti pengembangan kompetensi dosen (pelatihan pekerti/AA, sertifikasi, workshop) dan hasil evaluasi kinerja dosen oleh mahasiswa.",Permen 39/2025 Pasal 46 ayat (1) dan (2),Sertifikat pelatihan; laporan EDOM; rekap pengembangan dosen,Telaah Dokumen; Wawancara,Dokumen UPPS,Keduanya,Kepatuhan SN Dikti,Program Studi; UPPS/Fakultas,Skala 0-4,2,Tidak,Aktif
AMI8.PDD.M.06,Pendidikan,Masukan,Standar Dosen dan Tenaga Kependidikan,,Kualifikasi dosen sesuai ketentuan peraturan perundang-undangan dan terekam mutakhir pada PD Dikti.,"Seluruh dosen tetap prodi memenuhi kualifikasi minimum; data pendidikan terakhir, jabatan akademik, dan homebase sinkron antara dokumen kepegawaian dan PD Dikti.",Permen 39/2025 Pasal 46 ayat (3),Ijazah dan SK jabatan akademik; data dosen PD Dikti,Verifikasi PD Dikti; Telaah Dokumen,PD Dikti,Desk Evaluasi,Kepatuhan SN Dikti,Program Studi; UPPS/Fakultas,Persentase,5,Ya,Aktif
AMI8.PDD.M.07,Pendidikan,Masukan,Standar Dosen dan Tenaga Kependidikan,,Pemenuhan kualifikasi dosen yang berasal dari praktisi dilakukan melalui rekognisi pembelajaran lampau secara tertib.,"Bila terdapat dosen praktisi, tersedia dokumen asesmen RPL, SK pengakuan, dan pencatatan pada sistem kepegawaian dan PD Dikti.",Permen 39/2025 Pasal 46 ayat (4) dan (5),Dokumen asesmen RPL dosen; SK pengakuan,Telaah Dokumen,Dokumen Universitas,Desk Evaluasi,Kepatuhan SN Dikti,Universitas; UPPS/Fakultas,Ya/Tidak,2,Tidak,Aktif
AMI8.PDD.M.08,Pendidikan,Masukan,Standar Dosen dan Tenaga Kependidikan,,Kompetensi dan kualifikasi tenaga kependidikan ditetapkan perguruan tinggi sesuai kebutuhan dan terpenuhi.,Terdapat SK standar kualifikasi tenaga kependidikan; pemenuhan aktual terhadap standar tersebut dapat ditunjukkan per unit layanan.,Permen 39/2025 Pasal 47,SK standar kualifikasi tendik; data kepegawaian; analisis kebutuhan,Telaah Dokumen; Wawancara,Dokumen Universitas,Desk Evaluasi,Kepatuhan SN Dikti,Universitas; Unit/Biro,Skala 0-4,2,Tidak,Aktif
AMI8.PDD.M.09,Pendidikan,Masukan,Standar Sarana dan Prasarana,,Perguruan tinggi menjamin dan menyediakan akses terhadap sarana dan prasarana yang mengakomodasi kebutuhan pendidikan mahasiswa dan pelaksanaan tugas dosen serta tenaga kependidikan.,"Rasio ruang kelas, laboratorium, dan ruang kerja dosen terhadap jumlah pengguna memadai; sarana pembelajaran berfungsi baik; hasil survei kepuasan sarpras tersedia.",Permen 39/2025 Pasal 48 ayat (2) huruf a dan b,Daftar inventaris; denah dan kapasitas ruang; survei kepuasan sarpras,Observasi Lapangan; Telaah Dokumen; Wawancara,Dokumen Universitas,Audit Lapangan,Kepatuhan SN Dikti,UPPS/Fakultas; Universitas,Skala 0-4,2,Tidak,Aktif
AMI8.PDD.M.10,Pendidikan,Masukan,Standar Sarana dan Prasarana,,"Sarana dan prasarana ramah terhadap mahasiswa, dosen, dan tenaga kependidikan yang berkebutuhan khusus.","Tersedia aksesibilitas fisik (ramp, toilet aksesibel, jalur pemandu, lift bila bertingkat) dan/atau akomodasi lain yang terdokumentasi.",Permen 39/2025 Pasal 48 ayat (2) huruf c,Foto/dokumentasi fasilitas aksesibilitas; daftar akomodasi,Observasi Lapangan; Telaah Dokumen,Dokumen Universitas,Audit Lapangan,Kepatuhan SN Dikti,Universitas,Skala 0-4,2,Tidak,Aktif
AMI8.PDD.M.11,Pendidikan,Masukan,Standar Sarana dan Prasarana,,"Penyediaan akses sarana dan prasarana memenuhi ketentuan keamanan, keselamatan, dan kesehatan; kelengkapan pencegahan dan pemadam kebakaran serta penanggulangan kondisi darurat; serta pengelolaan sampah dan limbah bahan berbahaya dan beracun.","Alat pemadam api ringan tersedia, terpasang, dan masih berlaku masa uji; jalur evakuasi dan titik kumpul tersedia; pengelolaan limbah laboratorium terdokumentasi; terdapat prosedur tanggap darurat.",Permen 39/2025 Pasal 48 ayat (7),Kartu kontrol APAR; denah evakuasi; SOP tanggap darurat; dokumen pengelolaan limbah B3,Observasi Lapangan; Telaah Dokumen,Dokumen Universitas,Audit Lapangan,Kepatuhan SN Dikti,Universitas; UPPS/Fakultas,Skala 0-4,5,Ya,Aktif
AMI8.PDD.M.12,Pendidikan,Masukan,Standar Sarana dan Prasarana,,"Perguruan tinggi menerapkan tata kelola teknologi informasi dan komunikasi yang efektif, andal, dan akuntabel, serta menjamin privasi dan keamanan data.",Terdapat kebijakan tata kelola TIK dan keamanan informasi; pengaturan hak akses berbasis peran; mekanisme backup dan pemulihan; kebijakan pelindungan data pribadi.,Permen 39/2025 Pasal 49,Kebijakan tata kelola TIK; matriks hak akses; log backup; kebijakan privasi,Telaah Dokumen; Wawancara; Observasi Lapangan,Dokumen Universitas,Keduanya,Kepatuhan SN Dikti,Universitas; Unit/Biro,Skala 0-4,5,Ya,Aktif
AMI8.PDD.M.13,Pendidikan,Masukan,Standar Sarana dan Prasarana,,Tersedia sumber pembelajaran yang disiapkan perguruan tinggi dan sumber pembelajaran terbuka yang dapat diakses sivitas akademika.,Perpustakaan/repositori dan langganan sumber daring tersedia dan aktif; terdapat kebijakan pemanfaatan sumber pembelajaran terbuka yang relevan dengan kurikulum.,Permen 39/2025 Pasal 50,Data koleksi dan langganan; kebijakan sumber terbuka; statistik akses,Telaah Dokumen; Observasi Lapangan,Dokumen Universitas,Audit Lapangan,Kepatuhan SN Dikti,Universitas,Skala 0-4,2,Tidak,Aktif
AMI8.PDD.M.14,Pendidikan,Masukan,Standar Pembiayaan,,"Perguruan tinggi memiliki sumber pendanaan yang memadai untuk membiayai penyelenggaraan pendidikan sesuai SN Dikti, meliputi biaya investasi dan biaya operasional.",Anggaran tahunan memisahkan biaya investasi dan operasional; realisasi anggaran pendidikan dapat ditunjukkan; tidak terdapat program akademik yang batal karena ketiadaan dana.,Permen 39/2025 Pasal 51 ayat (2) dan (3),RKAT; laporan realisasi anggaran,Telaah Dokumen; Wawancara,Dokumen Universitas,Desk Evaluasi,Kepatuhan SN Dikti,Universitas,Skala 0-4,2,Tidak,Aktif
AMI8.PDD.M.15,Pendidikan,Masukan,Standar Pembiayaan,,Perguruan tinggi menyusun rencana strategis keuangan untuk memastikan ketersediaan pendanaan secara berkelanjutan.,"Terdapat dokumen rencana strategis keuangan yang disahkan, memuat proyeksi pendapatan dan belanja jangka menengah serta strategi diversifikasi sumber dana.",Permen 39/2025 Pasal 51 ayat (4),Rencana strategis keuangan; SK pengesahan,Telaah Dokumen,Dokumen Universitas,Desk Evaluasi,Kepatuhan SN Dikti,Universitas,Ya/Tidak,5,Tidak,Aktif
AMI8.PDD.M.16,Pendidikan,Masukan,Standar Pembiayaan,,Perguruan tinggi menerapkan sistem pengelolaan keuangan berdasarkan prinsip tata kelola perguruan tinggi yang baik.,"Terdapat SOP pengelolaan keuangan, pemisahan kewenangan otorisasi dan pembayaran, serta laporan keuangan yang diaudit atau direviu.",Permen 39/2025 Pasal 51 ayat (5),SOP keuangan; laporan keuangan; laporan hasil audit/reviu,Telaah Dokumen; Wawancara,Dokumen Universitas,Desk Evaluasi,Kepatuhan SN Dikti,Universitas,Skala 0-4,2,Tidak,Aktif
AMI8.PDD.M.17,Pendidikan,Masukan,Standar Pembiayaan,,Perguruan tinggi menerapkan kebijakan bantuan biaya pendidikan bagi mahasiswa yang memiliki keterbatasan kemampuan ekonomi.,"Terdapat kebijakan tertulis, kriteria dan mekanisme pengajuan yang diumumkan, serta data penerima bantuan pada tahun berjalan.",Permen 39/2025 Pasal 51 ayat (6),SK kebijakan bantuan biaya; data penerima; bukti pengumuman,Telaah Dokumen; Wawancara,Dokumen Universitas,Keduanya,Kepatuhan SN Dikti,Universitas,Skala 0-4,2,Tidak,Aktif
AMI8.PNL.L.01,Penelitian,Luaran,Standar Luaran Penelitian,,"Mutu, relevansi, dan kemanfaatan hasil penelitian mendukung pelaksanaan misi dan pencapaian visi serta target dampak perguruan tinggi.",Terdapat pemetaan luaran penelitian terhadap sasaran renstra; luaran tiga tahun terakhir terekam beserta jenis dan tingkatannya.,Permen 39/2025 Pasal 53 ayat (1) dan (2),Rekap luaran penelitian; renstra penelitian; matriks keselarasan,Telaah Dokumen,Dokumen Universitas,Desk Evaluasi,Kepatuhan SN Dikti,Universitas; Unit/Biro,Skala 0-4,5,Tidak,Aktif
AMI8.PNL.L.02,Penelitian,Luaran,Standar Luaran Penelitian,,"Perguruan tinggi memaksimalkan penggunaan atau mengadopsi lisensi terbuka dan/atau mekanisme lain yang dapat diakses masyarakat dalam menyebarluaskan hasil penelitian, terutama yang dibiayai Pemerintah.","Terdapat repositori institusi yang dapat diakses publik; hasil penelitian berbiaya Pemerintah terunggah, kecuali penelitian yang bersifat rahasia, mengganggu, dan/atau membahayakan kepentingan umum.",Permen 39/2025 Pasal 53 ayat (3) dan (4),Kebijakan akses terbuka; tautan repositori; daftar unggahan,Observasi Lapangan; Telaah Dokumen,Dokumen Universitas,Desk Evaluasi,Kepatuhan SN Dikti,Universitas; Unit/Biro,Skala 0-4,5,Tidak,Aktif
AMI8.PNL.P.01,Penelitian,Proses,Standar Proses Penelitian,,"Perguruan tinggi menetapkan standar proses penelitian yang meliputi perencanaan, pelaksanaan, penilaian, pengawasan, dan pengendalian kegiatan penelitian.",Tersedia standar dan SOP proses penelitian yang disahkan; kelima tahapan tercakup dan dapat dibuktikan pelaksanaannya pada tahun berjalan.,Permen 39/2025 Pasal 54,Standar dan SOP penelitian; SK penetapan; laporan pelaksanaan,Telaah Dokumen; Wawancara,Dokumen Universitas,Desk Evaluasi,Kepatuhan SN Dikti,Universitas; Unit/Biro,Skala 0-4,3,Tidak,Aktif
AMI8.PNL.P.02,Penelitian,Proses,Standar Proses Penelitian,,Penelitian dilakukan dengan memenuhi kaidah dan metode ilmiah sesuai otonomi keilmuan dan budaya akademik.,Proposal melalui proses reviu; terdapat bukti penilaian kelayakan metodologi; laporan penelitian memenuhi kaidah ilmiah.,Permen 39/2025 Pasal 55 ayat (1) dan (2),Berita acara reviu proposal; instrumen penilaian; laporan penelitian,Telaah Dokumen,Dokumen Universitas,Desk Evaluasi,Kepatuhan SN Dikti,Unit/Biro,Skala 0-4,3,Tidak,Aktif
AMI8.PNL.P.03,Penelitian,Proses,Standar Proses Penelitian,,"Perguruan tinggi menetapkan kode etik penelitian, pengelolaan dan kepemilikan hak atas kekayaan intelektual, ketentuan kerja sama penelitian, serta persyaratan publikasi dan ketentuan kepenulisan.",Keempat ketentuan tersebut tersedia dalam dokumen yang disahkan dan disosialisasikan; terdapat komisi etik penelitian bila diperlukan bidang keilmuannya.,Permen 39/2025 Pasal 55 ayat (3),Kode etik penelitian; kebijakan HKI; pedoman kerja sama; pedoman publikasi,Telaah Dokumen; Wawancara,Dokumen Universitas,Desk Evaluasi,Kepatuhan SN Dikti,Universitas; Unit/Biro,Skala 0-4,5,Tidak,Aktif
AMI8.PNL.P.04,Penelitian,Proses,Standar Proses Penelitian,,"Penelitian yang melibatkan mahasiswa dikelola dengan sistem yang mengatur penjabaran tugas, hak, dan kewajiban para pihak, serta pengakuan satuan kredit semester bagi mahasiswa.","Terdapat ketentuan tertulis mengenai pembagian tugas, hak, dan kewajiban dosen-peneliti-mahasiswa; terdapat mekanisme dan bukti konversi sks bagi mahasiswa yang terlibat penelitian.",Permen 39/2025 Pasal 56 ayat (4) dan (5),Pedoman penelitian bersama; SK konversi sks; kontrak penelitian,Telaah Dokumen; Wawancara,Dokumen Universitas,Keduanya,Kepatuhan SN Dikti,Unit/Biro; Program Studi,Skala 0-4,3,Tidak,Aktif
AMI8.PNL.M.01,Penelitian,Masukan,Standar Masukan Penelitian,,"Perguruan tinggi menyediakan akses yang memadai terhadap sarana, prasarana, dan pembiayaan penelitian.",Terdapat alokasi anggaran penelitian internal pada RKAT beserta realisasinya; laboratorium/fasilitas penelitian tersedia dan dapat diakses peneliti.,Permen 39/2025 Pasal 57 ayat (2) huruf a,RKAT bagian penelitian; laporan realisasi; daftar fasilitas penelitian,Telaah Dokumen; Observasi Lapangan,Dokumen Universitas,Keduanya,Kepatuhan SN Dikti,Universitas; Unit/Biro,Skala 0-4,2,Tidak,Aktif
AMI8.PNL.M.02,Penelitian,Masukan,Standar Masukan Penelitian,,Terdapat penugasan dan peningkatan kompetensi dosen dalam melaksanakan penelitian sesuai bobot yang ditugaskan perguruan tinggi.,"Penugasan penelitian tercantum dalam beban kerja dosen; terdapat program peningkatan kompetensi penelitian (pelatihan metodologi, penulisan artikel) beserta pesertanya.",Permen 39/2025 Pasal 57 ayat (2) huruf b,Dokumen BKD; SK penugasan; laporan pelatihan,Telaah Dokumen; Wawancara,Dokumen Universitas,Desk Evaluasi,Kepatuhan SN Dikti,Universitas; Unit/Biro,Skala 0-4,2,Tidak,Aktif
AMI8.PNL.M.03,Penelitian,Masukan,Standar Masukan Penelitian,,"Perguruan tinggi menerapkan sistem berbasis teknologi informasi dan komunikasi yang andal untuk mendokumentasikan, mengevaluasi, melaporkan, dan menyebarluaskan proses dan hasil penelitian.","Sistem informasi penelitian beroperasi dan memuat data usulan, kontrak, laporan, dan luaran; data mutakhir pada tahun berjalan dan tersinkron dengan pelaporan nasional.",Permen 39/2025 Pasal 57 ayat (2) huruf c,Tangkapan layar sistem; rekap data; bukti pelaporan,Observasi Lapangan; Telaah Dokumen,Dokumen Universitas,Keduanya,Kepatuhan SN Dikti,Unit/Biro,Skala 0-4,2,Tidak,Aktif
AMI8.PKM.L.01,Pengabdian kepada Masyarakat,Luaran,Standar Luaran PkM,,"Mutu, relevansi, dan kemanfaatan hasil pengabdian kepada masyarakat mendukung pelaksanaan misi dan pencapaian visi serta target dampak perguruan tinggi.",Terdapat pemetaan luaran PkM terhadap sasaran renstra; luaran tiga tahun terakhir terekam; terdapat bukti kemanfaatan bagi mitra atau masyarakat sasaran.,Permen 39/2025 Pasal 59 ayat (1) dan (2),Rekap luaran PkM; renstra PkM; testimoni/bukti dampak mitra,Telaah Dokumen; Wawancara,Dokumen Universitas,Desk Evaluasi,Kepatuhan SN Dikti,Universitas; Unit/Biro,Skala 0-4,5,Tidak,Aktif
AMI8.PKM.L.02,Pengabdian kepada Masyarakat,Luaran,Standar Luaran PkM,,Perguruan tinggi memaksimalkan penggunaan atau mengadopsi lisensi terbuka dan/atau mekanisme lain yang dapat diakses masyarakat dalam menyebarluaskan hasil pengabdian kepada masyarakat.,"Hasil PkM, terutama yang dibiayai Pemerintah, dipublikasikan melalui repositori atau kanal yang dapat diakses publik.",Permen 39/2025 Pasal 59 ayat (3),Tautan repositori/publikasi; daftar hasil PkM terpublikasi,Observasi Lapangan; Telaah Dokumen,Dokumen Universitas,Desk Evaluasi,Kepatuhan SN Dikti,Unit/Biro,Skala 0-4,5,Tidak,Aktif
AMI8.PKM.P.01,Pengabdian kepada Masyarakat,Proses,Standar Proses PkM,,"Perguruan tinggi menetapkan standar proses pengabdian kepada masyarakat yang meliputi perencanaan, pelaksanaan, penilaian, pengawasan, dan pengendalian.",Tersedia standar dan SOP proses PkM yang disahkan; kelima tahapan tercakup dan dapat dibuktikan pelaksanaannya.,Permen 39/2025 Pasal 60,Standar dan SOP PkM; SK penetapan; laporan pelaksanaan,Telaah Dokumen; Wawancara,Dokumen Universitas,Desk Evaluasi,Kepatuhan SN Dikti,Universitas; Unit/Biro,Skala 0-4,3,Tidak,Aktif
AMI8.PKM.P.02,Pengabdian kepada Masyarakat,Proses,Standar Proses PkM,,"Perguruan tinggi menetapkan kode etik PkM, pengelolaan dan kepemilikan hak atas kekayaan intelektual, ketentuan kerja sama, serta persyaratan diseminasi dan ketentuan kepenulisan.",Keempat ketentuan tersedia dalam dokumen yang disahkan dan disosialisasikan kepada pelaksana PkM.,Permen 39/2025 Pasal 61 ayat (2),Kode etik PkM; kebijakan HKI; pedoman kerja sama dan diseminasi,Telaah Dokumen,Dokumen Universitas,Desk Evaluasi,Kepatuhan SN Dikti,Universitas; Unit/Biro,Skala 0-4,3,Tidak,Aktif
AMI8.PKM.P.03,Pengabdian kepada Masyarakat,Proses,Standar Proses PkM,,Pengabdian kepada masyarakat oleh mahasiswa untuk memperoleh pengakuan satuan kredit semester dilaksanakan di bawah bimbingan dosen yang memenuhi persyaratan sebagai pembimbing.,Terdapat kriteria pembimbing PkM yang ditetapkan; SK pembimbing tersedia; konversi sks terdokumentasi.,Permen 39/2025 Pasal 62 ayat (2),SK kriteria dan penetapan pembimbing; dokumen konversi sks,Telaah Dokumen; Wawancara,Dokumen Universitas,Keduanya,Kepatuhan SN Dikti,Unit/Biro; Program Studi,Skala 0-4,3,Tidak,Aktif
AMI8.PKM.M.01,Pengabdian kepada Masyarakat,Masukan,Standar Masukan PkM,,"Perguruan tinggi menyediakan akses yang memadai terhadap sarana, prasarana, dan pembiayaan pengabdian kepada masyarakat.",Terdapat alokasi anggaran PkM internal pada RKAT beserta realisasinya; sarana pendukung tersedia.,Permen 39/2025 Pasal 63 ayat (2) huruf a,RKAT bagian PkM; laporan realisasi,Telaah Dokumen,Dokumen Universitas,Desk Evaluasi,Kepatuhan SN Dikti,Universitas; Unit/Biro,Skala 0-4,2,Tidak,Aktif
AMI8.PKM.M.02,Pengabdian kepada Masyarakat,Masukan,Standar Masukan PkM,,Terdapat penugasan dan peningkatan kompetensi dosen dalam melaksanakan pengabdian kepada masyarakat sesuai bobot yang ditugaskan.,Penugasan PkM tercantum dalam beban kerja dosen; terdapat program peningkatan kompetensi PkM beserta pesertanya.,Permen 39/2025 Pasal 63 ayat (2) huruf b,Dokumen BKD; SK penugasan; laporan pelatihan,Telaah Dokumen,Dokumen Universitas,Desk Evaluasi,Kepatuhan SN Dikti,Universitas; Unit/Biro,Skala 0-4,2,Tidak,Aktif
AMI8.PKM.M.03,Pengabdian kepada Masyarakat,Masukan,Standar Masukan PkM,,"Perguruan tinggi menerapkan sistem berbasis teknologi informasi dan komunikasi yang andal untuk mendokumentasikan, mengevaluasi, melaporkan, dan menyebarluaskan proses dan hasil PkM.","Sistem informasi PkM beroperasi dan memuat data usulan, kontrak, laporan, dan luaran secara mutakhir.",Permen 39/2025 Pasal 63 ayat (2) huruf c,Tangkapan layar sistem; rekap data,Observasi Lapangan; Telaah Dokumen,Dokumen Universitas,Keduanya,Kepatuhan SN Dikti,Unit/Biro,Skala 0-4,2,Tidak,Aktif
AMI8.NAK.T.01,Nonakademik,Tata Kelola SPMI,Standar Pendidikan Tinggi yang Ditetapkan PT,,Standar pendidikan tinggi yang ditetapkan perguruan tinggi merupakan penjabaran operasional SN Dikti dan memuat pelampauan terhadap SN Dikti dalam hal tingkat mutu dan keluasan substansi.,Dokumen Standar Mutu memuat butir yang secara eksplisit melampaui SN Dikti; pelampauan tersebut terukur dan dapat diverifikasi.,Permen 39/2025 Pasal 64 ayat (1) dan (2),Dokumen Standar Mutu SPMI; matriks pelampauan SN Dikti,Telaah Dokumen,Dokumen Universitas,Desk Evaluasi,Kepatuhan SN Dikti,Universitas,Skala 0-4,5,Tidak,Aktif
AMI8.NAK.T.02,Nonakademik,Tata Kelola SPMI,Standar Pendidikan Tinggi yang Ditetapkan PT,,Standar pendidikan tinggi yang ditetapkan perguruan tinggi ditetapkan oleh pemimpin perguruan tinggi setelah mendapat pertimbangan senat dan persetujuan badan penyelenggara.,Terdapat risalah/berita acara pertimbangan senat dan surat persetujuan badan penyelenggara yang mendahului tanggal SK penetapan Standar Mutu.,Permen 39/2025 Pasal 64 ayat (3) huruf b,Berita acara senat; surat persetujuan badan penyelenggara; SK Rektor,Telaah Dokumen; Wawancara,Dokumen Universitas,Desk Evaluasi,Kepatuhan SN Dikti,Universitas,Ya/Tidak,5,Ya,Aktif
AMI8.NAK.T.03,Nonakademik,Tata Kelola SPMI,Sistem Penjaminan Mutu Internal,,"Perguruan tinggi mengembangkan SPMI dengan menerapkan prinsip akuntabilitas, transparansi, nirlaba, efektivitas, efisiensi, dan peningkatan mutu berkelanjutan yang saling menilik dan mengimbangi.",Terdapat Kebijakan Mutu yang memuat prinsip-prinsip tersebut; fungsi audit terpisah secara struktural dari fungsi yang diaudit; tidak terdapat auditor yang mengaudit unit tempatnya bertugas.,Permen 39/2025 Pasal 67 ayat (1) dan (2),Kebijakan Mutu; struktur organisasi; SK penugasan auditor beserta peta penugasan,Telaah Dokumen; Wawancara,Dokumen Universitas,Desk Evaluasi,Kepatuhan SN Dikti,Universitas,Skala 0-4,5,Ya,Aktif
AMI8.NAK.T.04,Nonakademik,Tata Kelola SPMI,Sistem Penjaminan Mutu Internal,,"SPMI diimplementasikan melalui siklus penetapan, pelaksanaan, evaluasi pemenuhan, pengendalian pelaksanaan, dan peningkatan standar pendidikan tinggi secara lengkap.","Kelima tahap siklus dapat dibuktikan dokumennya untuk siklus berjalan: SK standar, bukti pelaksanaan, laporan evaluasi/AMI, permintaan tindakan koreksi, dan bukti peningkatan standar.",Permen 39/2025 Pasal 68 ayat (1) dan (4),Dokumen SPMI lengkap; laporan AMI; PTK; SK peningkatan standar,Telaah Dokumen; Wawancara,Dokumen Universitas,Keduanya,Kepatuhan SN Dikti,Universitas; UPPS/Fakultas,Skala 0-4,5,Ya,Aktif
AMI8.NAK.T.05,Nonakademik,Tata Kelola SPMI,Sistem Penjaminan Mutu Internal,,"Evaluasi pemenuhan standar dilaksanakan secara berkala melalui pemantauan, evaluasi diri, audit mutu internal, asesmen, dan/atau cara lain yang ditetapkan perguruan tinggi.",Terdapat jadwal dan bukti pelaksanaan evaluasi berkala; AMI dilaksanakan minimal satu kali per tahun; metode evaluasi yang digunakan ditetapkan secara tertulis.,Permen 39/2025 Pasal 68 ayat (2),Jadwal AMI; laporan AMI siklus berjalan; SK metode evaluasi,Telaah Dokumen,Dokumen Universitas,Desk Evaluasi,Kepatuhan SN Dikti,Universitas,Ya/Tidak,5,Ya,Aktif
AMI8.NAK.T.06,Nonakademik,Tata Kelola SPMI,Sistem Penjaminan Mutu Internal,,Evaluasi pemenuhan standar dilaksanakan oleh pejabat atau dosen yang ditugaskan oleh pimpinan perguruan tinggi.,Seluruh auditor yang bertugas tercantum dalam SK Rektor yang masih berlaku pada periode audit; kualifikasi auditor sesuai kriteria yang ditetapkan; auditor telah mengikuti pelatihan auditor.,Permen 39/2025 Pasal 68 ayat (3),SK Rektor penetapan auditor; sertifikat pelatihan auditor; surat tugas,Telaah Dokumen,Dokumen Universitas,Desk Evaluasi,Kepatuhan SN Dikti,Universitas,Ya/Tidak,5,Ya,Aktif
AMI8.NAK.T.07,Nonakademik,Tata Kelola SPMI,Sistem Penjaminan Mutu Internal,,Tindak lanjut atas temuan audit mutu internal siklus sebelumnya telah diverifikasi tuntas.,"Seluruh permintaan tindakan koreksi siklus sebelumnya berstatus selesai dan terverifikasi, atau memiliki alasan tertulis dan jadwal penyelesaian yang disetujui dalam Rapat Tinjauan Manajemen.",Permen 39/2025 Pasal 68 ayat (1) huruf d dan e,Rekap PTK siklus sebelumnya; berita acara verifikasi; notulen RTM,Telaah Dokumen; Wawancara,Dokumen Universitas,Keduanya,Kepatuhan SN Dikti,Program Studi; UPPS/Fakultas; Universitas,Persentase,5,Ya,Aktif
AMI8.NAK.T.08,Nonakademik,Tata Kelola SPMI,Sistem Penjaminan Mutu Internal,,Bukti yang digunakan dalam evaluasi pemenuhan standar digali melalui prinsip triangulasi dengan berbagai sumber data dan sudut pandang yang saling melengkapi.,Setiap butir bernilai kritis diverifikasi melalui minimal dua metode berbeda; terdapat rekam sumber data pada kertas kerja auditor; data PD Dikti digunakan sebagai rujukan utama.,Permen 39/2025 Pasal 66 ayat (1) dan (2),Kertas kerja auditor; rekam metode verifikasi per butir,Telaah Dokumen; Wawancara,Dokumen Universitas,Keduanya,Kepatuhan SN Dikti,Universitas,Skala 0-4,5,Ya,Aktif
AMI8.NAK.T.09,Nonakademik,Tata Kelola SPMI,Data dan Pelaporan PD Dikti,,Perguruan tinggi bertanggung jawab terhadap kebenaran dan ketepatan data dan informasi pada Pangkalan Data Pendidikan Tinggi.,"Rekonsiliasi data internal terhadap PD Dikti dilakukan minimal satu kali per semester dengan berita acara; selisih data pada aspek mahasiswa, dosen, mata kuliah, dan nilai bernilai nol atau memiliki penjelasan tertulis.",Permen 39/2025 Pasal 111 ayat (4),Berita acara rekonsiliasi; laporan selisih data; bukti perbaikan,Verifikasi PD Dikti; Telaah Dokumen,PD Dikti,Keduanya,Kepatuhan SN Dikti,Universitas; Program Studi,Skala 0-4,5,Ya,Aktif
AMI8.NAK.T.10,Nonakademik,Tata Kelola SPMI,Kesiapan SPME / Akreditasi,,"Seluruh program studi memiliki status terakreditasi pertama, terakreditasi, atau terakreditasi unggul yang masih berlaku sebagai syarat meluluskan mahasiswa dan menerbitkan ijazah.",Tidak terdapat program studi dengan status akreditasi kedaluwarsa atau tidak terakreditasi; masa berlaku setiap status terpantau dengan peringatan minimal 12 bulan sebelum berakhir.,Permen 39/2025 Pasal 70 ayat (4) dan Pasal 77 ayat (3),SK akreditasi seluruh prodi; matriks masa berlaku; jadwal pengajuan reakreditasi,Telaah Dokumen; Verifikasi PD Dikti,PD Dikti,Desk Evaluasi,Kepatuhan SN Dikti,Universitas; Program Studi,Ya/Tidak,5,Ya,Aktif
AMI8.NAK.T.11,Nonakademik,Tata Kelola SPMI,Kesiapan SPME / Akreditasi,,Program studi dan perguruan tinggi yang belum mengajukan permohonan akreditasi telah mengajukan sesuai tenggat ketentuan peralihan.,"Bagi prodi/PT yang tidak terakreditasi atau belum mengajukan, permohonan telah diajukan paling lambat satu tahun sejak Permen 39/2025 diundangkan; terdapat bukti pengajuan.",Permen 39/2025 Pasal 114 ayat (1) huruf c dan ayat (2),Bukti pengajuan akreditasi; tangkapan layar sistem BAN-PT/LAM,Telaah Dokumen,Dokumen Universitas,Desk Evaluasi,Kepatuhan SN Dikti,Universitas; Program Studi,Ya/Tidak,5,Ya,Aktif
AMI8.NAK.T.12,Nonakademik,Tata Kelola SPMI,Kesiapan SPME / Akreditasi,,Perguruan tinggi siap menghadapi pemantauan mutu yang dapat dilakukan BAN-PT atau LAM sewaktu-waktu.,Data dan dokumen mutu tersimpan terpusat dan mutakhir; terdapat penanggung jawab penyediaan data; tidak terdapat pengaduan masyarakat yang belum ditangani.,Permen 39/2025 Pasal 83,Repositori dokumen mutu; SK penanggung jawab data; log pengaduan,Telaah Dokumen; Observasi Lapangan; Wawancara,Dokumen Universitas,Keduanya,Kepatuhan SN Dikti,Universitas,Skala 0-4,3,Tidak,Aktif
AMI8.NAK.T.13,Nonakademik,Tata Kelola SPMI,Kesiapan SPME / Akreditasi,,Perguruan tinggi memantau progres penyesuaian pengelolaan dan penyelenggaraan terhadap Permendiktisaintek 39/2025 sesuai tenggat ketentuan penutup.,Terdapat daftar gap analysis terhadap Permen 39/2025 beserta rencana aksi dan penanggung jawab; progres ditinjau dalam Rapat Tinjauan Manajemen; target penyelesaian tidak melewati dua tahun sejak Permen diundangkan.,Permen 39/2025 Pasal 116 huruf a,Dokumen gap analysis; rencana aksi; notulen RTM,Telaah Dokumen; Wawancara,Dokumen Universitas,Keduanya,Kepatuhan SN Dikti,Universitas,Skala 0-4,5,Tidak,Aktif
AMI8.NAK.T.14,Nonakademik,Tata Kelola SPMI,Kesiapan SPME / Akreditasi,,Perguruan tinggi mengumumkan status akreditasi perguruan tinggi dan program studi kepada masyarakat.,"Status akreditasi seluruh prodi dan perguruan tinggi tercantum di laman resmi beserta nomor SK dan masa berlakunya, dan mutakhir.",Permen 39/2025 Pasal 112 ayat (1),Tangkapan layar laman; daftar status akreditasi,Observasi Lapangan; Telaah Dokumen,Dokumen Universitas,Desk Evaluasi,Kepatuhan SN Dikti,Universitas,Ya/Tidak,3,Tidak,Aktif
AMI8.NAK.T.15,Nonakademik,Tata Kelola SPMI,Kesiapan SPME / Akreditasi,,Program studi yang menargetkan status terakreditasi unggul memiliki peta pemenuhan kriteria melampaui SN Dikti.,"Terdapat dokumen target dan peta pemenuhan kriteria melampaui SN Dikti yang ditetapkan BAN-PT/LAM, beserta gap dan rencana pemenuhannya.",Permen 39/2025 Pasal 73/74 ayat (6) dan (8); Pasal 79,Dokumen target akreditasi; peta pemenuhan kriteria unggul,Telaah Dokumen; Wawancara,Dokumen UPPS,Desk Evaluasi,Pelampauan (Unggul),Program Studi; UPPS/Fakultas,Skala 0-4,3,Tidak,Aktif
AMI8.NAK.T.16,Nonakademik,Tata Kelola SPMI,Sistem Penjaminan Mutu Internal,,"Perguruan tinggi menindaklanjuti hasil fasilitasi, verifikasi, dan evaluasi implementasi SPMI oleh Lembaga Layanan Pendidikan Tinggi.",Terdapat rekam hasil verifikasi/evaluasi SPMI oleh LLDIKTI (bila ada) beserta bukti tindak lanjutnya; dokumen SPMI tersedia dalam format yang siap diverifikasi pihak eksternal.,Permen 39/2025 Pasal 69 ayat (3),Surat/laporan hasil verifikasi LLDIKTI; bukti tindak lanjut,Telaah Dokumen; Wawancara,Dokumen Universitas,Desk Evaluasi,Kepatuhan SN Dikti,Universitas,Skala 0-4,3,Tidak,Aktif
